<?xml version="1.0" encoding="UTF-8"?>
<project-private xmlns="http://www.netbeans.org/ns/project-private/1">
    <editor-bookmarks xmlns="http://www.netbeans.org/ns/editor-bookmarks/2" lastBookmarkId="0"/>
    <open-files xmlns="http://www.netbeans.org/ns/projectui-open-files/2">
        <group>
            <file>file:/C:/Users/Pichau/Documents/NetBeansProjects/Emprego/src/classes/Vendedor.java</file>
            <file>file:/C:/Users/Pichau/Documents/NetBeansProjects/Emprego/src/classes/Pessoa.java</file>
            <file>file:/C:/Users/Pichau/Documents/NetBeansProjects/Emprego/src/emprego/Emprego.java</file>
            <file>file:/C:/Users/Pichau/Documents/NetBeansProjects/Emprego/src/classes/Cliente.java</file>
            <file>file:/C:/Users/Pichau/Documents/NetBeansProjects/Emprego/src/classes/Gerente.java</file>
            <file>file:/C:/Users/Pichau/Documents/NetBeansProjects/Emprego/src/classes/Empregado.java</file>
        </group>
    </open-files>
</project-private>
